{
  "AO": {
    "name": "Angola",
    "continent": "Africa",
    "locatedIn": [
      "Africa",
      "Africa centrale"
    ],
    "capital": "Luanda"
  },
  "BF": {
    "name": "Burkina Faso",
    "continent": "Africa",
    "locatedIn": [
      "Africa",
      "Africa occidentale"
    ],
    "capital": "Ouagadougou"
  },
  "BI": {
    "name": "Burundi",
    "continent": "Africa",
    "locatedIn": [
      "Africa",
      "Africa orientale"
    ],
    "capital": "Bujumbura"
  },
  "BJ": {
    "name": "Benin",
    "continent": "Africa",
    "locatedIn": [
      "Africa",
      "Africa occidentale"
    ],
    "capital": "Porto-Novo"
  },
  "BW": {
    "name": "Botswana",
    "continent": "Africa",
    "locatedIn": [
      "Africa",
      "Africa del Sud"
    ],
    "capital": "Gaborone"
  },
  "CD": {
    "name": "Congo - Kinshasa",
    "continent": "Africa",
    "locatedIn": [
      "Africa",
      "Africa centrale"
    ],
    "capital": "Kinshasa"
  },
  "CF": {
    "name": "Repubblica Centrafricana",
    "continent": "Africa",
    "locatedIn": [
      "Africa",
      "Africa centrale"
    ],
    "capital": "Bangui"
  },
  "CG": {
    "name": "Congo-Brazzaville",
    "continent": "Africa",
    "locatedIn": [
      "Africa",
      "Africa centrale"
    ],
    "capital": "Brazzaville"
  },
  "CI": {
    "name": "Costa d’Avorio",
    "continent": "Africa",
    "locatedIn": [
      "Africa",
      "Africa occidentale"
    ]
  },
  "CM": {
    "name": "Camerun",
    "continent": "Africa",
    "locatedIn": [
      "Africa",
      "Africa centrale"
    ]
  },
  "CV": {
    "name": "Capo Verde",
    "continent": "Africa",
    "locatedIn": [
      "Africa",
      "Africa occidentale"
    ]
  },
  "DJ": {
    "name": "Gibuti",
    "continent": "Africa",
    "locatedIn": [
      "Africa",
      "Africa orientale"
    ],
    "capital": "Gibuti"
  },
  "DZ": {
    "name": "Algeria",
    "continent": "Africa",
    "locatedIn": [
      "Africa",
      "Nordafrica"
    ],
    "capital": "Algeri"
  },
  "EA": {
    "name": "Ceuta e Melilla",
    "continent": "Africa",
    "locatedIn": [
      "Africa",
      "Nordafrica"
    ]
  },
  "EG": {
    "name": "Egitto",
    "continent": "Africa",
    "locatedIn": [
      "Africa",
      "Nordafrica"
    ],
    "capital": "Il Cairo"
  },
  "EH": {
    "name": "Sahara occidentale",
    "continent": "Africa",
    "locatedIn": [
      "Africa",
      "Nordafrica"
    ]
  },
  "ER": {
    "name": "Eritrea",
    "continent": "Africa",
    "locatedIn": [
      "Africa",
      "Africa orientale"
    ],
    "capital": "Asmara"
  },
  "ET": {
    "name": "Etiopia",
    "continent": "Africa",
    "locatedIn": [
      "Africa",
      "Africa orientale"
    ],
    "capital": "Addis Abeba"
  },
  "GA": {
    "name": "Gabon",
    "continent": "Africa",
    "locatedIn": [
      "Africa",
      "Africa centrale"
    ],
    "capital": "Libreville"
  },
  "GH": {
    "name": "Ghana",
    "continent": "Africa",
    "locatedIn": [
      "Africa",
      "Africa occidentale"
    ],
    "capital": "Accra"
  },
  "GM": {
    "name": "Gambia",
    "continent": "Africa",
    "locatedIn": [
      "Africa",
      "Africa occidentale"
    ],
    "capital": "Banjul"
  },
  "GN": {
    "name": "Guinea",
    "continent": "Africa",
    "locatedIn": [
      "Africa",
      "Africa occidentale"
    ],
    "capital": "Conakry"
  },
  "GQ": {
    "name": "Guinea Equatoriale",
    "continent": "Africa",
    "locatedIn": [
      "Africa",
      "Africa centrale"
    ],
    "capital": "Malabo"
  },
  "GW": {
    "name": "Guinea-Bissau",
    "continent": "Africa",
    "locatedIn": [
      "Africa",
      "Africa occidentale"
    ],
    "capital": "Bissau"
  },
  "IC": {
    "name": "Isole Canarie",
    "continent": "Africa",
    "locatedIn": [
      "Africa",
      "Nordafrica"
    ]
  },
  "KE": {
    "name": "Kenya",
    "continent": "Africa",
    "locatedIn": [
      "Africa",
      "Africa orientale"
    ],
    "capital": "Nairobi"
  },
  "KM": {
    "name": "Comore",
    "continent": "Africa",
    "locatedIn": [
      "Africa",
      "Africa orientale"
    ]
  },
  "LR": {
    "name": "Liberia",
    "continent": "Africa",
    "locatedIn": [
      "Africa",
      "Africa occidentale"
    ],
    "capital": "Monrovia"
  },
  "LS": {
    "name": "Lesotho",
    "continent": "Africa",
    "locatedIn": [
      "Africa",
      "Africa del Sud"
    ],
    "capital": "Maseru"
  },
  "LY": {
    "name": "Libia",
    "continent": "Africa",
    "locatedIn": [
      "Africa",
      "Nordafrica"
    ],
    "capital": "Tripoli"
  },
  "MA": {
    "name": "Marocco",
    "continent": "Africa",
    "locatedIn": [
      "Africa",
      "Nordafrica"
    ]
  },
  "MG": {
    "name": "Madagascar",
    "continent": "Africa",
    "locatedIn": [
      "Africa",
      "Africa orientale"
    ],
    "capital": "Antananarivo"
  },
  "ML": {
    "name": "Mali",
    "continent": "Africa",
    "locatedIn": [
      "Africa",
      "Africa occidentale"
    ],
    "capital": "Bamako"
  },
  "MR": {
    "name": "Mauritania",
    "continent": "Africa",
    "locatedIn": [
      "Africa",
      "Africa occidentale"
    ],
    "capital": "Nouakchott"
  },
  "MU": {
    "name": "Mauritius",
    "continent": "Africa",
    "locatedIn": [
      "Africa",
      "Africa orientale"
    ]
  },
  "MW": {
    "name": "Malawi",
    "continent": "Africa",
    "locatedIn": [
      "Africa",
      "Africa orientale"
    ]
  },
  "MZ": {
    "name": "Mozambico",
    "continent": "Africa",
    "locatedIn": [
      "Africa",
      "Africa orientale"
    ],
    "capital": "Maputo"
  },
  "NA": {
    "name": "Namibia",
    "continent": "Africa",
    "locatedIn": [
      "Africa",
      "Africa del Sud"
    ],
    "capital": "Windhoek"
  },
  "NE": {
    "name": "Niger",
    "continent": "Africa",
    "locatedIn": [
      "Africa",
      "Africa occidentale"
    ],
    "capital": "Niamey"
  },
  "NG": {
    "name": "Nigeria",
    "continent": "Africa",
    "locatedIn": [
      "Africa",
      "Africa occidentale"
    ]
  },
  "RE": {
    "name": "Riunione",
    "continent": "Africa",
    "locatedIn": [
      "Africa",
      "Africa orientale"
    ]
  },
  "RW": {
    "name": "Ruanda",
    "continent": "Africa",
    "locatedIn": [
      "Africa",
      "Africa orientale"
    ],
    "capital": "Kigali"
  },
  "SC": {
    "name": "Seychelles",
    "continent": "Africa",
    "locatedIn": [
      "Africa",
      "Africa orientale"
    ]
  },
  "SD": {
    "name": "Sudan",
    "continent": "Africa",
    "locatedIn": [
      "Africa",
      "Nordafrica"
    ],
    "capital": "Khartum"
  },
  "SH": {
    "name": "Sant’Elena",
    "continent": "Africa",
    "locatedIn": [
      "Africa",
      "Africa occidentale"
    ]
  },
  "SL": {
    "name": "Sierra Leone",
    "continent": "Africa",
    "locatedIn": [
      "Africa",
      "Africa occidentale"
    ],
    "capital": "Freetown"
  },
  "SN": {
    "name": "Senegal",
    "continent": "Africa",
    "locatedIn": [
      "Africa",
      "Africa occidentale"
    ],
    "capital": "Dakar"
  },
  "SO": {
    "name": "Somalia",
    "continent": "Africa",
    "locatedIn": [
      "Africa",
      "Africa orientale"
    ],
    "capital": "Mogadiscio"
  },
  "SS": {
    "name": "Sud Sudan",
    "continent": "Africa",
    "locatedIn": [
      "Africa",
      "Africa orientale"
    ],
    "capital": "Giuba"
  },
  "ST": {
    "name": "São Tomé e Príncipe",
    "continent": "Africa",
    "locatedIn": [
      "Africa",
      "Africa centrale"
    ],
    "capital": "São Tomé"
  },
  "SZ": {
    "name": "Swaziland",
    "continent": "Africa",
    "locatedIn": [
      "Africa",
      "Africa del Sud"
    ]
  },
  "TD": {
    "name": "Ciad",
    "continent": "Africa",
    "locatedIn": [
      "Africa",
      "Africa centrale"
    ]
  },
  "TG": {
    "name": "Togo",
    "continent": "Africa",
    "locatedIn": [
      "Africa",
      "Africa occidentale"
    ]
  },
  "TN": {
    "name": "Tunisia",
    "continent": "Africa",
    "locatedIn": [
      "Africa",
      "Nordafrica"
    ],
    "capital": "Tunisi"
  },
  "TZ": {
    "name": "Tanzania",
    "continent": "Africa",
    "locatedIn": [
      "Africa",
      "Africa orientale"
    ]
  },
  "UG": {
    "name": "Uganda",
    "continent": "Africa",
    "locatedIn": [
      "Africa",
      "Africa orientale"
    ],
    "capital": "Kampala"
  },
  "YT": {
    "name": "Mayotte",
    "continent": "Africa",
    "locatedIn": [
      "Africa",
      "Africa orientale"
    ]
  },
  "ZA": {
    "name": "Sudafrica",
    "continent": "Africa",
    "locatedIn": [
      "Africa",
      "Africa del Sud"
    ]
  },
  "ZM": {
    "name": "Zambia",
    "continent": "Africa",
    "locatedIn": [
      "Africa",
      "Africa orientale"
    ],
    "capital": "Lusaka"
  },
  "ZW": {
    "name": "Zimbabwe",
    "continent": "Africa",
    "locatedIn": [
      "Africa",
      "Africa orientale"
    ],
    "capital": "Harare"
  }
}
