{
  "AS": {
    "name": "Samoa americane",
    "continent": "Oceania",
    "locatedIn": [
      "Oceania",
      "Polinesia"
    ],
    "capital": "Pago Pago"
  },
  "AU": {
    "name": "Australia",
    "continent": "Oceania",
    "locatedIn": [
      "Oceania",
      "Australasia"
    ]
  },
  "CK": {
    "name": "Isole Cook",
    "continent": "Oceania",
    "locatedIn": [
      "Oceania",
      "Polinesia"
    ]
  },
  "FJ": {
    "name": "Figi",
    "continent": "Oceania",
    "locatedIn": [
      "Oceania",
      "Melanesia"
    ]
  },
  "FM": {
    "name": "Micronesia",
    "continent": "Oceania",
    "locatedIn": [
      "Oceania",
      "Regione micronesiana"
    ]
  },
  "GU": {
    "name": "Guam",
    "continent": "Oceania",
    "locatedIn": [
      "Oceania",
      "Regione micronesiana"
    ]
  },
  "KI": {
    "name": "Kiribati",
    "continent": "Oceania",
    "locatedIn": [
      "Oceania",
      "Regione micronesiana"
    ]
  },
  "MH": {
    "name": "Isole Marshall",
    "continent": "Oceania",
    "locatedIn": [
      "Oceania",
      "Regione micronesiana"
    ],
    "capital": "Majuro"
  },
  "MP": {
    "name": "Isole Marianne settentrionali",
    "continent": "Oceania",
    "locatedIn": [
      "Oceania",
      "Regione micronesiana"
    ],
    "capital": "Saipan"
  },
  "NC": {
    "name": "Nuova Caledonia",
    "continent": "Oceania",
    "locatedIn": [
      "Oceania",
      "Melanesia"
    ]
  },
  "NF": {
    "name": "Isola Norfolk",
    "continent": "Oceania",
    "locatedIn": [
      "Oceania",
      "Australasia"
    ]
  },
  "NR": {
    "name": "Nauru",
    "continent": "Oceania",
    "locatedIn": [
      "Oceania",
      "Regione micronesiana"
    ]
  },
  "NU": {
    "name": "Niue",
    "continent": "Oceania",
    "locatedIn": [
      "Oceania",
      "Polinesia"
    ]
  },
  "NZ": {
    "name": "Nuova Zelanda",
    "continent": "Oceania",
    "locatedIn": [
      "Oceania",
      "Australasia"
    ]
  },
  "PF": {
    "name": "Polinesia francese",
    "continent": "Oceania",
    "locatedIn": [
      "Oceania",
      "Polinesia"
    ]
  },
  "PG": {
    "name": "Papua Nuova Guinea",
    "continent": "Oceania",
    "locatedIn": [
      "Oceania",
      "Melanesia"
    ],
    "capital": "Port Moresby"
  },
  "PN": {
    "name": "Isole Pitcairn",
    "continent": "Oceania",
    "locatedIn": [
      "Oceania",
      "Polinesia"
    ]
  },
  "PW": {
    "name": "Palau",
    "continent": "Oceania",
    "locatedIn": [
      "Oceania",
      "Regione micronesiana"
    ]
  },
  "SB": {
    "name": "Isole Salomone",
    "continent": "Oceania",
    "locatedIn": [
      "Oceania",
      "Melanesia"
    ]
  },
  "TK": {
    "name": "Tokelau",
    "continent": "Oceania",
    "locatedIn": [
      "Oceania",
      "Polinesia"
    ],
    "capital": "Fakaofo"
  },
  "TO": {
    "name": "Tonga",
    "continent": "Oceania",
    "locatedIn": [
      "Oceania",
      "Polinesia"
    ]
  },
  "TV": {
    "name": "Tuvalu",
    "continent": "Oceania",
    "locatedIn": [
      "Oceania",
      "Polinesia"
    ],
    "capital": "Funafuti"
  },
  "VU": {
    "name": "Vanuatu",
    "continent": "Oceania",
    "locatedIn": [
      "Oceania",
      "Melanesia"
    ]
  },
  "WF": {
    "name": "Wallis e Futuna",
    "continent": "Oceania",
    "locatedIn": [
      "Oceania",
      "Polinesia"
    ]
  },
  "WS": {
    "name": "Samoa",
    "continent": "Oceania",
    "locatedIn": [
      "Oceania",
      "Polinesia"
    ],
    "capital": "Apia"
  }
}
