{"AS":{"name":"Amerikan Samoa","continent":"Oseania","locatedIn":["Oseania","Polynesia"],"capital":"Pago Pago"},"AU":{"name":"Australia","continent":"Oseania","locatedIn":["Oseania","Australaasia"]},"CK":{"name":"Cookinsaaret","continent":"Oseania","locatedIn":["Oseania","Polynesia"]},"FJ":{"name":"Fidži","continent":"Oseania","locatedIn":["Oseania","Melanesia"]},"FM":{"name":"Mikronesian liittovaltio","continent":"Oseania","locatedIn":["Oseania","Mikronesia"]},"GU":{"name":"Guam","continent":"Oseania","locatedIn":["Oseania","Mikronesia"]},"KI":{"name":"Kiribati","continent":"Oseania","locatedIn":["Oseania","Mikronesia"]},"MH":{"name":"Marshallinsaaret","continent":"Oseania","locatedIn":["Oseania","Mikronesia"],"capital":"Majuro"},"MP":{"name":"Pohjois-Mariaanit","continent":"Oseania","locatedIn":["Oseania","Mikronesia"],"capital":"Saipan"},"NC":{"name":"Uusi-Kaledonia","continent":"Oseania","locatedIn":["Oseania","Melanesia"]},"NF":{"name":"Norfolkinsaari","continent":"Oseania","locatedIn":["Oseania","Australaasia"]},"NR":{"name":"Nauru","continent":"Oseania","locatedIn":["Oseania","Mikronesia"]},"NU":{"name":"Niue","continent":"Oseania","locatedIn":["Oseania","Polynesia"]},"NZ":{"name":"Uusi-Seelanti","continent":"Oseania","locatedIn":["Oseania","Australaasia"]},"PF":{"name":"Ranskan Polynesia","continent":"Oseania","locatedIn":["Oseania","Polynesia"]},"PG":{"name":"Papua-Uusi-Guinea","continent":"Oseania","locatedIn":["Oseania","Melanesia"],"capital":"Port Moresby"},"PN":{"name":"Pitcairn","continent":"Oseania","locatedIn":["Oseania","Polynesia"]},"PW":{"name":"Palau","continent":"Oseania","locatedIn":["Oseania","Mikronesia"]},"SB":{"name":"Salomonsaaret","continent":"Oseania","locatedIn":["Oseania","Melanesia"]},"TK":{"name":"Tokelau","continent":"Oseania","locatedIn":["Oseania","Polynesia"],"capital":"Fakaofo"},"TO":{"name":"Tonga","continent":"Oseania","locatedIn":["Oseania","Polynesia"]},"TV":{"name":"Tuvalu","continent":"Oseania","locatedIn":["Oseania","Polynesia"],"capital":"Funafuti"},"VU":{"name":"Vanuatu","continent":"Oseania","locatedIn":["Oseania","Melanesia"]},"WF":{"name":"Wallis ja Futuna","continent":"Oseania","locatedIn":["Oseania","Polynesia"]},"WS":{"name":"Samoa","continent":"Oseania","locatedIn":["Oseania","Polynesia"],"capital":"Apia"}}