{"AE":{"name":"De Forenede Arabiske Emirater","continent":"Asien","locatedIn":["Asien","Vestasien"]},"AF":{"name":"Afghanistan","continent":"Asien","locatedIn":["Asien","Sydasien"],"capital":"Kabul"},"AM":{"name":"Armenien","continent":"Asien","locatedIn":["Asien","Vestasien"],"capital":"Jerevan"},"AZ":{"name":"Aserbajdsjan","continent":"Asien","locatedIn":["Asien","Vestasien"],"capital":"Baku"},"BD":{"name":"Bangladesh","continent":"Asien","locatedIn":["Asien","Sydasien"],"capital":"Dhaka"},"BH":{"name":"Bahrain","continent":"Asien","locatedIn":["Asien","Vestasien"]},"BN":{"name":"Brunei","continent":"Asien","locatedIn":["Asien","Sydøstasien"]},"BT":{"name":"Bhutan","continent":"Asien","locatedIn":["Asien","Sydasien"],"capital":"Thimphu"},"CN":{"name":"Kina","continent":"Asien","locatedIn":["Asien","Østasien"]},"CY":{"name":"Cypern","continent":"Asien","locatedIn":["Asien","Vestasien"],"capital":"Nicosia"},"GE":{"name":"Georgien","continent":"Asien","locatedIn":["Asien","Vestasien"],"capital":"Tbilisi"},"HK":{"name":"SAR Hongkong","continent":"Asien","locatedIn":["Asien","Østasien"]},"ID":{"name":"Indonesien","continent":"Asien","locatedIn":["Asien","Sydøstasien"],"capital":"Jakarta"},"IL":{"name":"Israel","continent":"Asien","locatedIn":["Asien","Vestasien"],"capital":"Jerusalem"},"IN":{"name":"Indien","continent":"Asien","locatedIn":["Asien","Sydasien"]},"IQ":{"name":"Irak","continent":"Asien","locatedIn":["Asien","Vestasien"],"capital":"Baghdad"},"IR":{"name":"Iran","continent":"Asien","locatedIn":["Asien","Sydasien"],"capital":"Teheran"},"JO":{"name":"Jordan","continent":"Asien","locatedIn":["Asien","Vestasien"],"capital":"Amman"},"JP":{"name":"Japan","continent":"Asien","locatedIn":["Asien","Østasien"],"capital":"Tokyo"},"KG":{"name":"Kirgisistan","continent":"Asien","locatedIn":["Asien","Centralasien"],"capital":"Bisjkek"},"KH":{"name":"Cambodja","continent":"Asien","locatedIn":["Asien","Sydøstasien"],"capital":"Phnom Penh"},"KP":{"name":"Nordkorea","continent":"Asien","locatedIn":["Asien","Østasien"],"capital":"Pyongyang"},"KR":{"name":"Sydkorea","continent":"Asien","locatedIn":["Asien","Østasien"],"capital":"Seoul"},"KW":{"name":"Kuwait","continent":"Asien","locatedIn":["Asien","Vestasien"]},"KZ":{"name":"Kasakhstan","continent":"Asien","locatedIn":["Asien","Centralasien"]},"LA":{"name":"Laos","continent":"Asien","locatedIn":["Asien","Sydøstasien"],"capital":"Vientiane"},"LB":{"name":"Libanon","continent":"Asien","locatedIn":["Asien","Vestasien"],"capital":"Beirut"},"LK":{"name":"Sri Lanka","continent":"Asien","locatedIn":["Asien","Sydasien"],"capital":"Colombo"},"MM":{"name":"Myanmar (Burma)","continent":"Asien","locatedIn":["Asien","Sydøstasien"]},"MN":{"name":"Mongoliet","continent":"Asien","locatedIn":["Asien","Østasien"]},"MO":{"name":"SAR Macao","continent":"Asien","locatedIn":["Asien","Østasien"]},"MV":{"name":"Maldiverne","continent":"Asien","locatedIn":["Asien","Sydasien"]},"MY":{"name":"Malaysia","continent":"Asien","locatedIn":["Asien","Sydøstasien"],"capital":"Kuala Lumpur"},"NP":{"name":"Nepal","continent":"Asien","locatedIn":["Asien","Sydasien"],"capital":"Katmandu"},"OM":{"name":"Oman","continent":"Asien","locatedIn":["Asien","Vestasien"],"capital":"Muscat"},"PH":{"name":"Filippinerne","continent":"Asien","locatedIn":["Asien","Sydøstasien"],"capital":"Manila"},"PK":{"name":"Pakistan","continent":"Asien","locatedIn":["Asien","Sydasien"]},"PS":{"name":"De palæstinensiske områder","continent":"Asien","locatedIn":["Asien","Vestasien"]},"QA":{"name":"Qatar","continent":"Asien","locatedIn":["Asien","Vestasien"]},"SA":{"name":"Saudi-Arabien","continent":"Asien","locatedIn":["Asien","Vestasien"],"capital":"Riyadh"},"SG":{"name":"Singapore","continent":"Asien","locatedIn":["Asien","Sydøstasien"],"capital":"Singapore"},"SY":{"name":"Syrien","continent":"Asien","locatedIn":["Asien","Vestasien"],"capital":"Damaskus"},"TH":{"name":"Thailand","continent":"Asien","locatedIn":["Asien","Sydøstasien"],"capital":"Bangkok"},"TJ":{"name":"Tadsjikistan","continent":"Asien","locatedIn":["Asien","Centralasien"],"capital":"Dusjanbe"},"TL":{"name":"Timor-Leste","continent":"Asien","locatedIn":["Asien","Sydøstasien"],"capital":"Dili"},"TM":{"name":"Turkmenistan","continent":"Asien","locatedIn":["Asien","Centralasien"],"capital":"Asjkhabad"},"TR":{"name":"Tyrkiet","continent":"Asien","locatedIn":["Asien","Vestasien"]},"TW":{"name":"Taiwan","continent":"Asien","locatedIn":["Asien","Østasien"],"capital":"Taipei"},"UZ":{"name":"Usbekistan","continent":"Asien","locatedIn":["Asien","Centralasien"],"capital":"Tasjkent"},"VN":{"name":"Vietnam","continent":"Asien","locatedIn":["Asien","Sydøstasien"]},"YE":{"name":"Yemen","continent":"Asien","locatedIn":["Asien","Vestasien"]}}