{
  "AS": {
    "name": "American Samoa",
    "continent": "Oceania",
    "locatedIn": [
      "Oceania",
      "Polynesia"
    ],
    "capital": "Pago Pago"
  },
  "AU": {
    "name": "Australia",
    "continent": "Oceania",
    "locatedIn": [
      "Oceania",
      "Australasia"
    ],
    "capital": "Canberra"
  },
  "CK": {
    "name": "Cook Islands",
    "continent": "Oceania",
    "locatedIn": [
      "Oceania",
      "Polynesia"
    ],
    "capital": "Avarua"
  },
  "FJ": {
    "name": "Fiji",
    "continent": "Oceania",
    "locatedIn": [
      "Oceania",
      "Melanesia"
    ],
    "capital": "Suva"
  },
  "FM": {
    "name": "Micronesia",
    "continent": "Oceania",
    "locatedIn": [
      "Oceania",
      "Micronesian Region"
    ],
    "capital": "Palikir"
  },
  "GU": {
    "name": "Guam",
    "continent": "Oceania",
    "locatedIn": [
      "Oceania",
      "Micronesian Region"
    ],
    "capital": "Hagåtña"
  },
  "KI": {
    "name": "Kiribati",
    "continent": "Oceania",
    "locatedIn": [
      "Oceania",
      "Micronesian Region"
    ],
    "capital": "South Tarawa"
  },
  "MH": {
    "name": "Marshall Islands",
    "continent": "Oceania",
    "locatedIn": [
      "Oceania",
      "Micronesian Region"
    ],
    "capital": "Majuro"
  },
  "MP": {
    "name": "Northern Mariana Islands",
    "continent": "Oceania",
    "locatedIn": [
      "Oceania",
      "Micronesian Region"
    ],
    "capital": "Saipan"
  },
  "NC": {
    "name": "New Caledonia",
    "continent": "Oceania",
    "locatedIn": [
      "Oceania",
      "Melanesia"
    ],
    "capital": "Nouméa"
  },
  "NF": {
    "name": "Norfolk Island",
    "continent": "Oceania",
    "locatedIn": [
      "Oceania",
      "Australasia"
    ],
    "capital": "Kingston"
  },
  "NR": {
    "name": "Nauru",
    "continent": "Oceania",
    "locatedIn": [
      "Oceania",
      "Micronesian Region"
    ],
    "capital": "Yaren"
  },
  "NU": {
    "name": "Niue",
    "continent": "Oceania",
    "locatedIn": [
      "Oceania",
      "Polynesia"
    ],
    "capital": "Alofi"
  },
  "NZ": {
    "name": "New Zealand",
    "continent": "Oceania",
    "locatedIn": [
      "Oceania",
      "Australasia"
    ],
    "capital": "Wellington"
  },
  "PF": {
    "name": "French Polynesia",
    "continent": "Oceania",
    "locatedIn": [
      "Oceania",
      "Polynesia"
    ],
    "capital": "Papeetē"
  },
  "PG": {
    "name": "Papua New Guinea",
    "continent": "Oceania",
    "locatedIn": [
      "Oceania",
      "Melanesia"
    ],
    "capital": "Port Moresby"
  },
  "PN": {
    "name": "Pitcairn Islands",
    "continent": "Oceania",
    "locatedIn": [
      "Oceania",
      "Polynesia"
    ],
    "capital": "Adamstown"
  },
  "PW": {
    "name": "Palau",
    "continent": "Oceania",
    "locatedIn": [
      "Oceania",
      "Micronesian Region"
    ],
    "capital": "Ngerulmud"
  },
  "SB": {
    "name": "Solomon Islands",
    "continent": "Oceania",
    "locatedIn": [
      "Oceania",
      "Melanesia"
    ],
    "capital": "Honiara"
  },
  "TK": {
    "name": "Tokelau",
    "continent": "Oceania",
    "locatedIn": [
      "Oceania",
      "Polynesia"
    ],
    "capital": "Fakaofo"
  },
  "TO": {
    "name": "Tonga",
    "continent": "Oceania",
    "locatedIn": [
      "Oceania",
      "Polynesia"
    ],
    "capital": "Nuku'alofa"
  },
  "TV": {
    "name": "Tuvalu",
    "continent": "Oceania",
    "locatedIn": [
      "Oceania",
      "Polynesia"
    ],
    "capital": "Funafuti"
  },
  "VU": {
    "name": "Vanuatu",
    "continent": "Oceania",
    "locatedIn": [
      "Oceania",
      "Melanesia"
    ],
    "capital": "Port Vila"
  },
  "WF": {
    "name": "Wallis & Futuna",
    "continent": "Oceania",
    "locatedIn": [
      "Oceania",
      "Polynesia"
    ],
    "capital": "Mata-Utu"
  },
  "WS": {
    "name": "Samoa",
    "continent": "Oceania",
    "locatedIn": [
      "Oceania",
      "Polynesia"
    ],
    "capital": "Apia"
  }
}
