{"AE":{"name":"United Arab Emirates","continent":"Asia","locatedIn":["Asia","Western Asia"],"capital":"Abu Dhabi"},"AF":{"name":"Afghanistan","continent":"Asia","locatedIn":["Asia","Southern Asia"],"capital":"Kabul"},"AM":{"name":"Armenia","continent":"Asia","locatedIn":["Asia","Western Asia"],"capital":"Yerevan"},"AZ":{"name":"Azerbaijan","continent":"Asia","locatedIn":["Asia","Western Asia"],"capital":"Baku"},"BD":{"name":"Bangladesh","continent":"Asia","locatedIn":["Asia","Southern Asia"],"capital":"Dhaka"},"BH":{"name":"Bahrain","continent":"Asia","locatedIn":["Asia","Western Asia"],"capital":"Manama"},"BN":{"name":"Brunei","continent":"Asia","locatedIn":["Asia","Southeast Asia"],"capital":"Bandar Seri Begawan"},"BT":{"name":"Bhutan","continent":"Asia","locatedIn":["Asia","Southern Asia"],"capital":"Thimphu"},"CN":{"name":"China","continent":"Asia","locatedIn":["Asia","Eastern Asia"],"capital":"Beijing"},"CY":{"name":"Cyprus","continent":"Asia","locatedIn":["Asia","Western Asia"],"capital":"Nicosia"},"GE":{"name":"Georgia","continent":"Asia","locatedIn":["Asia","Western Asia"],"capital":"Tbilisi"},"HK":{"name":"Hong Kong SAR China","continent":"Asia","locatedIn":["Asia","Eastern Asia"],"capital":"City of Victoria"},"ID":{"name":"Indonesia","continent":"Asia","locatedIn":["Asia","Southeast Asia"],"capital":"Jakarta"},"IL":{"name":"Israel","continent":"Asia","locatedIn":["Asia","Western Asia"],"capital":"Jerusalem"},"IN":{"name":"India","continent":"Asia","locatedIn":["Asia","Southern Asia"],"capital":"New Delhi"},"IQ":{"name":"Iraq","continent":"Asia","locatedIn":["Asia","Western Asia"],"capital":"Baghdad"},"IR":{"name":"Iran","continent":"Asia","locatedIn":["Asia","Southern Asia"],"capital":"Tehran"},"JO":{"name":"Jordan","continent":"Asia","locatedIn":["Asia","Western Asia"],"capital":"Amman"},"JP":{"name":"Japan","continent":"Asia","locatedIn":["Asia","Eastern Asia"],"capital":"Tokyo"},"KG":{"name":"Kyrgyzstan","continent":"Asia","locatedIn":["Asia","Central Asia"],"capital":"Bishkek"},"KH":{"name":"Cambodia","continent":"Asia","locatedIn":["Asia","Southeast Asia"],"capital":"Phnom Penh"},"KP":{"name":"North Korea","continent":"Asia","locatedIn":["Asia","Eastern Asia"],"capital":"Pyongyang"},"KR":{"name":"South Korea","continent":"Asia","locatedIn":["Asia","Eastern Asia"],"capital":"Seoul"},"KW":{"name":"Kuwait","continent":"Asia","locatedIn":["Asia","Western Asia"],"capital":"Kuwait City"},"KZ":{"name":"Kazakhstan","continent":"Asia","locatedIn":["Asia","Central Asia"],"capital":"Astana"},"LA":{"name":"Laos","continent":"Asia","locatedIn":["Asia","Southeast Asia"],"capital":"Vientiane"},"LB":{"name":"Lebanon","continent":"Asia","locatedIn":["Asia","Western Asia"],"capital":"Beirut"},"LK":{"name":"Sri Lanka","continent":"Asia","locatedIn":["Asia","Southern Asia"],"capital":"Colombo"},"MM":{"name":"Myanmar (Burma)","continent":"Asia","locatedIn":["Asia","Southeast Asia"],"capital":"Naypyidaw"},"MN":{"name":"Mongolia","continent":"Asia","locatedIn":["Asia","Eastern Asia"],"capital":"Ulan Bator"},"MO":{"name":"Macau SAR China","continent":"Asia","locatedIn":["Asia","Eastern Asia"]},"MV":{"name":"Maldives","continent":"Asia","locatedIn":["Asia","Southern Asia"],"capital":"Malé"},"MY":{"name":"Malaysia","continent":"Asia","locatedIn":["Asia","Southeast Asia"],"capital":"Kuala Lumpur"},"NP":{"name":"Nepal","continent":"Asia","locatedIn":["Asia","Southern Asia"],"capital":"Kathmandu"},"OM":{"name":"Oman","continent":"Asia","locatedIn":["Asia","Western Asia"],"capital":"Muscat"},"PH":{"name":"Philippines","continent":"Asia","locatedIn":["Asia","Southeast Asia"],"capital":"Manila"},"PK":{"name":"Pakistan","continent":"Asia","locatedIn":["Asia","Southern Asia"],"capital":"Islamabad"},"PS":{"name":"Palestinian Territories","continent":"Asia","locatedIn":["Asia","Western Asia"],"capital":"Ramallah"},"QA":{"name":"Qatar","continent":"Asia","locatedIn":["Asia","Western Asia"],"capital":"Doha"},"SA":{"name":"Saudi Arabia","continent":"Asia","locatedIn":["Asia","Western Asia"],"capital":"Riyadh"},"SG":{"name":"Singapore","continent":"Asia","locatedIn":["Asia","Southeast Asia"],"capital":"Singapore"},"SY":{"name":"Syria","continent":"Asia","locatedIn":["Asia","Western Asia"],"capital":"Damascus"},"TH":{"name":"Thailand","continent":"Asia","locatedIn":["Asia","Southeast Asia"],"capital":"Bangkok"},"TJ":{"name":"Tajikistan","continent":"Asia","locatedIn":["Asia","Central Asia"],"capital":"Dushanbe"},"TL":{"name":"Timor-Leste","continent":"Asia","locatedIn":["Asia","Southeast Asia"],"capital":"Dili"},"TM":{"name":"Turkmenistan","continent":"Asia","locatedIn":["Asia","Central Asia"],"capital":"Ashgabat"},"TR":{"name":"Turkey","continent":"Asia","locatedIn":["Asia","Western Asia"],"capital":"Ankara"},"TW":{"name":"Taiwan","continent":"Asia","locatedIn":["Asia","Eastern Asia"],"capital":"Taipei"},"UZ":{"name":"Uzbekistan","continent":"Asia","locatedIn":["Asia","Central Asia"],"capital":"Tashkent"},"VN":{"name":"Vietnam","continent":"Asia","locatedIn":["Asia","Southeast Asia"],"capital":"Hanoi"},"YE":{"name":"Yemen","continent":"Asia","locatedIn":["Asia","Western Asia"],"capital":"Sana'a"}}
