{
  "AG": {
    "name": "Antigua en Barbuda",
    "continent": "Noord-Amerika",
    "locatedIn": [
      "Noord-Amerika",
      "Caribisch gebied"
    ]
  },
  "AI": {
    "name": "Anguilla",
    "continent": "Noord-Amerika",
    "locatedIn": [
      "Noord-Amerika",
      "Caribisch gebied"
    ]
  },
  "AW": {
    "name": "Aruba",
    "continent": "Noord-Amerika",
    "locatedIn": [
      "Noord-Amerika",
      "Caribisch gebied"
    ]
  },
  "BB": {
    "name": "Barbados",
    "continent": "Noord-Amerika",
    "locatedIn": [
      "Noord-Amerika",
      "Caribisch gebied"
    ]
  },
  "BL": {
    "name": "Saint-Barthélemy",
    "continent": "Noord-Amerika",
    "locatedIn": [
      "Noord-Amerika",
      "Caribisch gebied"
    ]
  },
  "BM": {
    "name": "Bermuda",
    "continent": "Noord-Amerika",
    "locatedIn": [
      "Noord-Amerika",
      "Noordelijk Amerika"
    ]
  },
  "BQ": {
    "name": "Caribisch Nederland",
    "continent": "Noord-Amerika",
    "locatedIn": [
      "Noord-Amerika",
      "Caribisch gebied"
    ]
  },
  "BS": {
    "name": "Bahama’s",
    "continent": "Noord-Amerika",
    "locatedIn": [
      "Noord-Amerika",
      "Caribisch gebied"
    ],
    "capital": "Nassau"
  },
  "BZ": {
    "name": "Belize",
    "continent": "Noord-Amerika",
    "locatedIn": [
      "Noord-Amerika",
      "Midden-Amerika"
    ]
  },
  "CA": {
    "name": "Canada",
    "continent": "Noord-Amerika",
    "locatedIn": [
      "Noord-Amerika",
      "Noordelijk Amerika"
    ]
  },
  "CR": {
    "name": "Costa Rica",
    "continent": "Noord-Amerika",
    "locatedIn": [
      "Noord-Amerika",
      "Midden-Amerika"
    ]
  },
  "CU": {
    "name": "Cuba",
    "continent": "Noord-Amerika",
    "locatedIn": [
      "Noord-Amerika",
      "Caribisch gebied"
    ],
    "capital": "Havana"
  },
  "CW": {
    "name": "Curaçao",
    "continent": "Noord-Amerika",
    "locatedIn": [
      "Noord-Amerika",
      "Caribisch gebied"
    ]
  },
  "DM": {
    "name": "Dominica",
    "continent": "Noord-Amerika",
    "locatedIn": [
      "Noord-Amerika",
      "Caribisch gebied"
    ]
  },
  "DO": {
    "name": "Dominicaanse Republiek",
    "continent": "Noord-Amerika",
    "locatedIn": [
      "Noord-Amerika",
      "Caribisch gebied"
    ],
    "capital": "Santo Domingo"
  },
  "GD": {
    "name": "Grenada",
    "continent": "Noord-Amerika",
    "locatedIn": [
      "Noord-Amerika",
      "Caribisch gebied"
    ]
  },
  "GL": {
    "name": "Groenland",
    "continent": "Noord-Amerika",
    "locatedIn": [
      "Noord-Amerika",
      "Noordelijk Amerika"
    ],
    "capital": "Nuuk"
  },
  "GP": {
    "name": "Guadeloupe",
    "continent": "Noord-Amerika",
    "locatedIn": [
      "Noord-Amerika",
      "Caribisch gebied"
    ]
  },
  "GT": {
    "name": "Guatemala",
    "continent": "Noord-Amerika",
    "locatedIn": [
      "Noord-Amerika",
      "Midden-Amerika"
    ]
  },
  "HN": {
    "name": "Honduras",
    "continent": "Noord-Amerika",
    "locatedIn": [
      "Noord-Amerika",
      "Midden-Amerika"
    ],
    "capital": "Tegucigalpa"
  },
  "HT": {
    "name": "Haïti",
    "continent": "Noord-Amerika",
    "locatedIn": [
      "Noord-Amerika",
      "Caribisch gebied"
    ],
    "capital": "Port-au-Prince"
  },
  "JM": {
    "name": "Jamaica",
    "continent": "Noord-Amerika",
    "locatedIn": [
      "Noord-Amerika",
      "Caribisch gebied"
    ]
  },
  "KN": {
    "name": "Saint Kitts en Nevis",
    "continent": "Noord-Amerika",
    "locatedIn": [
      "Noord-Amerika",
      "Caribisch gebied"
    ]
  },
  "KY": {
    "name": "Kaaimaneilanden",
    "continent": "Noord-Amerika",
    "locatedIn": [
      "Noord-Amerika",
      "Caribisch gebied"
    ]
  },
  "LC": {
    "name": "Saint Lucia",
    "continent": "Noord-Amerika",
    "locatedIn": [
      "Noord-Amerika",
      "Caribisch gebied"
    ]
  },
  "MF": {
    "name": "Saint-Martin",
    "continent": "Noord-Amerika",
    "locatedIn": [
      "Noord-Amerika",
      "Caribisch gebied"
    ],
    "capital": "Marigot"
  },
  "MQ": {
    "name": "Martinique",
    "continent": "Noord-Amerika",
    "locatedIn": [
      "Noord-Amerika",
      "Caribisch gebied"
    ]
  },
  "MS": {
    "name": "Montserrat",
    "continent": "Noord-Amerika",
    "locatedIn": [
      "Noord-Amerika",
      "Caribisch gebied"
    ]
  },
  "MX": {
    "name": "Mexico",
    "continent": "Noord-Amerika",
    "locatedIn": [
      "Noord-Amerika",
      "Midden-Amerika"
    ],
    "capital": "Mexico-Stad"
  },
  "NI": {
    "name": "Nicaragua",
    "continent": "Noord-Amerika",
    "locatedIn": [
      "Noord-Amerika",
      "Midden-Amerika"
    ],
    "capital": "Managua"
  },
  "PA": {
    "name": "Panama",
    "continent": "Noord-Amerika",
    "locatedIn": [
      "Noord-Amerika",
      "Midden-Amerika"
    ]
  },
  "PM": {
    "name": "Saint-Pierre en Miquelon",
    "continent": "Noord-Amerika",
    "locatedIn": [
      "Noord-Amerika",
      "Noordelijk Amerika"
    ]
  },
  "PR": {
    "name": "Puerto Rico",
    "continent": "Noord-Amerika",
    "locatedIn": [
      "Noord-Amerika",
      "Caribisch gebied"
    ],
    "capital": "San Juan"
  },
  "SV": {
    "name": "El Salvador",
    "continent": "Noord-Amerika",
    "locatedIn": [
      "Noord-Amerika",
      "Midden-Amerika"
    ]
  },
  "SX": {
    "name": "Sint-Maarten",
    "continent": "Noord-Amerika",
    "locatedIn": [
      "Noord-Amerika",
      "Caribisch gebied"
    ]
  },
  "TC": {
    "name": "Turks- en Caicoseilanden",
    "continent": "Noord-Amerika",
    "locatedIn": [
      "Noord-Amerika",
      "Caribisch gebied"
    ]
  },
  "TT": {
    "name": "Trinidad en Tobago",
    "continent": "Noord-Amerika",
    "locatedIn": [
      "Noord-Amerika",
      "Caribisch gebied"
    ],
    "capital": "Port of Spain"
  },
  "US": {
    "name": "Verenigde Staten",
    "continent": "Noord-Amerika",
    "locatedIn": [
      "Noord-Amerika",
      "Noordelijk Amerika"
    ]
  },
  "VC": {
    "name": "Saint Vincent en de Grenadines",
    "continent": "Noord-Amerika",
    "locatedIn": [
      "Noord-Amerika",
      "Caribisch gebied"
    ]
  },
  "VG": {
    "name": "Britse Maagdeneilanden",
    "continent": "Noord-Amerika",
    "locatedIn": [
      "Noord-Amerika",
      "Caribisch gebied"
    ]
  },
  "VI": {
    "name": "Amerikaanse Maagdeneilanden",
    "continent": "Noord-Amerika",
    "locatedIn": [
      "Noord-Amerika",
      "Caribisch gebied"
    ]
  }
}
